CREATE TABLE employees (
    id INT PRIMARY KEY,
    name VARCHAR(100),
    salary DECIMAL(10, 2)
);

INSERT INTO employees (id, name, salary) VALUES
(1, 'Alice', 50000),
(2, 'Bob', 60000),
(3, 'Charlie', 50000);
--1
select * from employees
	where salary in (select min(salary) from employees)
--2

CREATE TABLE products (
    id INT PRIMARY KEY,
    product_name VARCHAR(100),
    price DECIMAL(10, 2)
);

INSERT INTO products (id, product_name, price) VALUES
(1, 'Laptop', 1200),
(2, 'Tablet', 400),
(3, 'Smartphone', 800),
(4, 'Monitor', 300);

select id, product_name, price, (select avg(Price)  from products) avg_price from products
 drop table employees
--3
   CREATE TABLE departments (
    id INT PRIMARY KEY,
    department_name VARCHAR(100)
);

CREATE TABLE employees (
    id INT PRIMARY KEY,
    name VARCHAR(100),
    department_id INT,
    FOREIGN KEY (department_id) REFERENCES departments(id)
);

INSERT INTO departments (id, department_name) VALUES
(1, 'Sales'),
(2, 'HR');

INSERT INTO employees (id, name, department_id) VALUES
(1, 'David', 1),
(2, 'Eve', 2),
(3, 'Frank', 1);

select e.id, e.name,
(select d.department_name from departments d where e.department_id = d.id) departmentName 
from employees e

where (select d.department_name from departments d where e.department_id = d.id) = 'Sales'

--4

CREATE TABLE customers (
    customer_id INT PRIMARY KEY,
    name VARCHAR(100)
);

CREATE TABLE orders (
    order_id INT PRIMARY KEY,
    customer_id INT,
    FOREIGN KEY (customer_id) REFERENCES customers(customer_id)
);

INSERT INTO customers (customer_id, name) VALUES
(1, 'Grace'),
(2, 'Heidi'),
(3, 'Ivan');

INSERT INTO orders (order_id, customer_id) VALUES
(1, 1),
(2, 1);


select *  from customers c
where c.customer_id  not in (select customer_id from orders)



drop table products
--5
CREATE TABLE products (
    id INT PRIMARY KEY,
    product_name VARCHAR(100),
    price DECIMAL(10, 2),
    category_id INT
);

INSERT INTO products (id, product_name, price, category_id) VALUES
(1, 'Tablet', 400, 1),
(2, 'Laptop', 1500, 1),
(3, 'Headphones', 200, 2),
(4, 'Speakers', 300, 2);


select distinct outs.category_id, 
(select max(price) from products ins where outs.category_id = ins.category_id ) highest_price
from products outs 

--6
drop table employees
drop table departments1

	CREATE TABLE departments1 (
    id INT PRIMARY KEY,
    department_name VARCHAR(100)
);

CREATE TABLE employees (
    id INT PRIMARY KEY,
    name VARCHAR(100),
    salary DECIMAL(10, 2),
    department_id INT,
    FOREIGN KEY (department_id) REFERENCES departments1(id)
);

INSERT INTO departments1 (id, department_name) VALUES
(1, 'IT'),
(2, 'Sales');

INSERT INTO employees (id, name, salary, department_id) VALUES
(1, 'Jack', 80000, 1),
(2, 'Karen', 70000, 1),
(3, 'Leo', 60000, 2);

;with cte as (select *, 
(select avg(salary) from employees e where e.department_id = d.id) avg_salry from departments1 d)
select max(avg_salry) max_avg_salary from cte

--7
drop table employees
CREATE TABLE employees (
    id INT PRIMARY KEY,
    name VARCHAR(100),
    salary DECIMAL(10, 2),
    department_id INT
);

INSERT INTO employees (id, name, salary, department_id) VALUES
(1, 'Mike', 50000, 1),
(2, 'Nina', 75000, 1),
(3, 'Olivia', 40000, 2),
(4, 'Paul', 55000, 2);

;with ctw as (select *,
(select avg(salary) from employees ins where outs.department_id = ins.department_id) avg_sal_by_dp from employees outs)
select * from ctw
where salary > avg_sal_by_dp

--8

CREATE TABLE students (
    student_id INT PRIMARY KEY,
    name VARCHAR(100)
);

CREATE TABLE grades (
    student_id INT,
    course_id INT,
    grade DECIMAL(4, 2),
    FOREIGN KEY (student_id) REFERENCES students(student_id)
);

INSERT INTO students (student_id, name) VALUES
(1, 'Sarah'),
(2, 'Tom'),
(3, 'Uma');

INSERT INTO grades (student_id, course_id, grade) VALUES
(1, 101, 95),
(2, 101, 85),
(3, 102, 90),
(1, 102, 80);

select *,(select max(grade) from grades g where g.student_id = s.student_id) highest_grade from students s

--9
drop table products
CREATE TABLE products (
    id INT PRIMARY KEY,
    product_name VARCHAR(100),
    price DECIMAL(10, 2),
    category_id INT
);

INSERT INTO products (id, product_name, price, category_id) VALUES
(1, 'Phone', 800, 1),
(2, 'Laptop', 1500, 1),
(3, 'Tablet', 600, 1),
(4, 'Smartwatch', 300, 1),
(5, 'Headphones', 200, 2),
(6, 'Speakers', 300, 2),
(7, 'Earbuds', 100, 2);

;with ctee as (select *, rank() over(partition by category_id order by price desc) rn from products)
select * from ctee
where rn = 3

--10
drop table employees
CREATE TABLE employees (
    id INT PRIMARY KEY,
    name VARCHAR(100),
    salary DECIMAL(10, 2),
    department_id INT
);

INSERT INTO employees (id, name, salary, department_id) VALUES
(1, 'Alex', 70000, 1),
(2, 'Blake', 90000, 1),
(3, 'Casey', 50000, 2),
(4, 'Dana', 60000, 2),
(5, 'Evan', 75000, 1);

;with ctww as (select *, 
(select max(salary) from employees ins where outs.department_id = ins.department_id) max_sal,
(select avg(salary) from employees inss where outs.department_id = inss.department_id) avg_sal from employees outs)

select * from ctww
where salary between avg_sal and max_sal
